-- MySQL dump 10.13  Distrib 8.0.19, for Win64 (x86_64)
--
-- Host: localhost    Database: mall
-- ------------------------------------------------------
-- Server version	8.0.19

/*!40101 SET @OLD_CHARACTER_SET_CLIENT=@@CHARACTER_SET_CLIENT */;
/*!40101 SET @OLD_CHARACTER_SET_RESULTS=@@CHARACTER_SET_RESULTS */;
/*!40101 SET @OLD_COLLATION_CONNECTION=@@COLLATION_CONNECTION */;
/*!50503 SET NAMES utf8mb4 */;
/*!40103 SET @OLD_TIME_ZONE=@@TIME_ZONE */;
/*!40103 SET TIME_ZONE='+00:00' */;
/*!40014 SET @OLD_UNIQUE_CHECKS=@@UNIQUE_CHECKS, UNIQUE_CHECKS=0 */;
/*!40014 SET @OLD_FOREIGN_KEY_CHECKS=@@FOREIGN_KEY_CHECKS, FOREIGN_KEY_CHECKS=0 */;
/*!40101 SET @OLD_SQL_MODE=@@SQL_MODE, SQL_MODE='NO_AUTO_VALUE_ON_ZERO' */;
/*!40111 SET @OLD_SQL_NOTES=@@SQL_NOTES, SQL_NOTES=0 */;

--
-- Table structure for table `mall_ad`
--

DROP TABLE IF EXISTS `mall_ad`;
/*!40101 SET @saved_cs_client     = @@character_set_client */;
/*!50503 SET character_set_client = utf8mb4 */;
CREATE TABLE `mall_ad` (
  `id` int NOT NULL AUTO_INCREMENT,
  `name` varchar(200) DEFAULT NULL,
  `link` varchar(200) DEFAULT NULL,
  `url` varchar(200) DEFAULT NULL,
  `position` int DEFAULT NULL,
  `content` varchar(255) DEFAULT NULL,
  `start_time` datetime DEFAULT NULL,
  `end_time` datetime DEFAULT NULL,
  PRIMARY KEY (`id`)
) ENGINE=InnoDB AUTO_INCREMENT=159 DEFAULT CHARSET=utf8mb4 COLLATE=utf8mb4_0900_ai_ci;
/*!40101 SET character_set_client = @saved_cs_client */;

--
-- Dumping data for table `mall_ad`
--

LOCK TABLES `mall_ad` WRITE;
/*!40000 ALTER TABLE `mall_ad` DISABLE KEYS */;
INSERT INTO `mall_ad` VALUES (6,'标题100','link1001','url100',-11,'内容1001','2020-12-04 08:58:59','2020-12-10 08:58:59'),(7,'标题100','link100','url100',-1,'内容100','2020-11-21 08:59:42','2020-11-21 08:59:42'),(8,'标题100','link100','url100',-1,'内容100','2020-11-21 09:00:19','2020-11-21 09:00:19'),(9,'标题100','link100','url100',-1,'内容100','2020-11-21 09:01:06','2020-11-21 09:01:06'),(10,'标题','link','url',1,'content',NULL,NULL),(11,'标题','link','url',1,'content',NULL,NULL),(12,'标题100','link100','url100',-1,'内容100','2020-11-21 09:04:05','2020-11-21 09:04:05'),(13,'标题100','link100','url100',-1,'内容100','2020-11-21 09:06:29','2020-11-21 09:06:29'),(14,'标题100','link100','url100',-1,'内容100','2020-11-21 09:09:02','2020-11-21 09:09:02'),(15,'标题101','link101','url101',-1,'内容101','2020-11-21 09:09:03','2020-11-21 09:09:03'),(16,'标题102','link102','url102',-1,'内容102','2020-11-21 09:09:03','2020-11-21 09:09:03'),(17,'标题103','link103','url103',-1,'内容103','2020-11-21 09:09:03','2020-11-21 09:09:03'),(18,'标题104','link104','url104',-1,'内容104','2020-11-21 09:09:03','2020-11-21 09:09:03'),(19,'标题105','link105','url105',-1,'内容105','2020-11-21 09:09:03','2020-11-21 09:09:03'),(20,'标题106','link106','url106',-1,'内容106','2020-11-21 09:09:03','2020-11-21 09:09:03'),(21,'标题107','link107','url107',-1,'内容107','2020-11-21 09:09:03','2020-11-21 09:09:03'),(22,'标题108','link108','url108',-1,'内容108','2020-11-21 09:09:04','2020-11-21 09:09:04'),(23,'标题109','link109','url109',-1,'内容109','2020-11-21 09:09:04','2020-11-21 09:09:04'),(24,'标题110','link110','url110',-1,'内容110','2020-11-21 09:09:04','2020-11-21 09:09:04'),(25,'标题111','link111','url111',-1,'内容111','2020-11-21 09:09:04','2020-11-21 09:09:04'),(26,'标题112','link112','url112',-1,'内容112','2020-11-21 09:09:04','2020-11-21 09:09:04'),(27,'标题113','link113','url113',-1,'内容113','2020-11-21 09:09:04','2020-11-21 09:09:04'),(28,'标题114','link114','url114',-1,'内容114','2020-11-21 09:09:04','2020-11-21 09:09:04'),(29,'标题115','link115','url115',-1,'内容115','2020-11-21 09:09:04','2020-11-21 09:09:04'),(30,'标题116','link116','url116',-1,'内容116','2020-11-21 09:09:05','2020-11-21 09:09:05'),(31,'标题117','link117','url117',-1,'内容117','2020-11-21 09:09:05','2020-11-21 09:09:05'),(32,'标题118','link118','url118',-1,'内容118','2020-11-21 09:09:05','2020-11-21 09:09:05'),(33,'标题119','link119','url119',-1,'内容119','2020-11-21 09:09:05','2020-11-21 09:09:05'),(34,'标题120','link120','url120',-1,'内容120','2020-11-21 09:09:05','2020-11-21 09:09:05'),(35,'标题121','link121','url121',-1,'内容121','2020-11-21 09:09:05','2020-11-21 09:09:05'),(36,'标题122','link122','url122',-1,'内容122','2020-11-21 09:09:05','2020-11-21 09:09:05'),(37,'标题123','link123','url123',-1,'内容123','2020-11-21 09:09:05','2020-11-21 09:09:05'),(38,'标题124','link124','url124',-1,'内容124','2020-11-21 09:09:05','2020-11-21 09:09:05'),(39,'标题125','link125','url125',-1,'内容125','2020-11-21 09:09:05','2020-11-21 09:09:05'),(40,'标题126','link126','url126',-1,'内容126','2020-11-21 09:09:05','2020-11-21 09:09:05'),(41,'标题127','link127','url127',-1,'内容127','2020-11-21 09:09:06','2020-11-21 09:09:06'),(42,'标题128','link128','url128',-1,'内容128','2020-11-21 09:09:06','2020-11-21 09:09:06'),(43,'标题129','link129','url129',-1,'内容129','2020-11-21 09:09:06','2020-11-21 09:09:06'),(44,'标题130','link130','url130',-1,'内容130','2020-11-21 09:09:06','2020-11-21 09:09:06'),(45,'标题131','link131','url131',-1,'内容131','2020-11-21 09:09:06','2020-11-21 09:09:06'),(46,'标题132','link132','url132',-1,'内容132','2020-11-21 09:09:06','2020-11-21 09:09:06'),(47,'标题133','link133','url133',-1,'内容133','2020-11-21 09:09:06','2020-11-21 09:09:06'),(48,'标题134','link134','url134',-1,'内容134','2020-11-21 09:09:06','2020-11-21 09:09:06'),(49,'标题135','link135','url135',-1,'内容135','2020-11-21 09:09:06','2020-11-21 09:09:06'),(50,'标题136','link136','url136',-1,'内容136','2020-11-21 09:09:07','2020-11-21 09:09:07'),(51,'标题137','link137','url137',-1,'内容137','2020-11-21 09:09:07','2020-11-21 09:09:07'),(52,'标题138','link138','url138',-1,'内容138','2020-11-21 09:09:07','2020-11-21 09:09:07'),(53,'标题139','link139','url139',-1,'内容139','2020-11-21 09:09:07','2020-11-21 09:09:07'),(54,'标题140','link140','url140',-1,'内容140','2020-11-21 09:09:07','2020-11-21 09:09:07'),(55,'标题141','link141','url141',-1,'内容141','2020-11-21 09:09:07','2020-11-21 09:09:07'),(56,'标题142','link142','url142',-1,'内容142','2020-11-21 09:09:07','2020-11-21 09:09:07'),(57,'标题143','link143','url143',-1,'内容143','2020-11-21 09:09:07','2020-11-21 09:09:07'),(58,'标题144','link144','url144',-1,'内容144','2020-11-21 09:09:07','2020-11-21 09:09:07'),(59,'标题145','link145','url145',-1,'内容145','2020-11-21 09:09:07','2020-11-21 09:09:07'),(60,'标题146','link146','url146',-1,'内容146','2020-11-21 09:09:08','2020-11-21 09:09:08'),(61,'标题147','link147','url147',-1,'内容147','2020-11-21 09:09:08','2020-11-21 09:09:08'),(62,'标题148','link148','url148',-1,'内容148','2020-11-21 09:09:08','2020-11-21 09:09:08'),(63,'标题149','link149','url149',-1,'内容149','2020-11-21 09:09:08','2020-11-21 09:09:08'),(64,'标题150','link150','url150',-1,'内容150','2020-11-21 09:09:08','2020-11-21 09:09:08'),(65,'标题151','link151','url151',-1,'内容151','2020-11-21 09:09:08','2020-11-21 09:09:08'),(66,'标题152','link152','url152',-1,'内容152','2020-11-21 09:09:08','2020-11-21 09:09:08'),(67,'标题153','link153','url153',-1,'内容153','2020-11-21 09:09:08','2020-11-21 09:09:08'),(68,'标题154','link154','url154',-1,'内容154','2020-11-21 09:09:08','2020-11-21 09:09:08'),(69,'标题155','link155','url155',-1,'内容155','2020-11-21 09:09:08','2020-11-21 09:09:08'),(70,'标题156','link156','url156',-1,'内容156','2020-11-21 09:09:09','2020-11-21 09:09:09'),(71,'标题157','link157','url157',-1,'内容157','2020-11-21 09:09:09','2020-11-21 09:09:09'),(72,'标题158','link158','url158',-1,'内容158','2020-11-21 09:09:09','2020-11-21 09:09:09'),(73,'标题159','link159','url159',-1,'内容159','2020-11-21 09:09:09','2020-11-21 09:09:09'),(74,'标题160','link160','url160',-1,'内容160','2020-11-21 09:09:09','2020-11-21 09:09:09'),(75,'标题161','link161','url161',-1,'内容161','2020-11-21 09:09:09','2020-11-21 09:09:09'),(76,'标题162','link162','url162',-1,'内容162','2020-11-21 09:09:09','2020-11-21 09:09:09'),(77,'标题163','link163','url163',-1,'内容163','2020-11-21 09:09:09','2020-11-21 09:09:09'),(78,'标题164','link164','url164',-1,'内容164','2020-11-21 09:09:09','2020-11-21 09:09:09'),(79,'标题165','link165','url165',-1,'内容165','2020-11-21 09:09:09','2020-11-21 09:09:09'),(80,'标题166','link166','url166',-1,'内容166','2020-11-21 09:09:09','2020-11-21 09:09:09'),(81,'标题167','link167','url167',-1,'内容167','2020-11-21 09:09:10','2020-11-21 09:09:10'),(82,'标题168','link168','url168',-1,'内容168','2020-11-21 09:09:10','2020-11-21 09:09:10'),(83,'标题169','link169','url169',-1,'内容169','2020-11-21 09:09:10','2020-11-21 09:09:10'),(84,'标题170','link170','url170',-1,'内容170','2020-11-21 09:09:10','2020-11-21 09:09:10'),(85,'标题171','link171','url171',-1,'内容171','2020-11-21 09:09:10','2020-11-21 09:09:10'),(86,'标题172','link172','url172',-1,'内容172','2020-11-21 09:09:10','2020-11-21 09:09:10'),(87,'标题173','link173','url173',-1,'内容173','2020-11-21 09:09:10','2020-11-21 09:09:10'),(88,'标题174','link174','url174',-1,'内容174','2020-11-21 09:09:10','2020-11-21 09:09:10'),(89,'标题175','link175','url175',-1,'内容175','2020-11-21 09:09:10','2020-11-21 09:09:10'),(90,'标题176','link176','url176',-1,'内容176','2020-11-21 09:09:10','2020-11-21 09:09:10'),(91,'标题177','link177','url177',-1,'内容177','2020-11-21 09:09:10','2020-11-21 09:09:10'),(92,'标题178','link178','url178',-1,'内容178','2020-11-21 09:09:11','2020-11-21 09:09:11'),(93,'标题179','link179','url179',-1,'内容179','2020-11-21 09:09:11','2020-11-21 09:09:11'),(94,'标题180','link180','url180',-1,'内容180','2020-11-21 09:09:11','2020-11-21 09:09:11'),(95,'标题181','link181','url181',-1,'内容181','2020-11-21 09:09:11','2020-11-21 09:09:11'),(96,'标题182','link182','url182',-1,'内容182','2020-11-21 09:09:11','2020-11-21 09:09:11'),(97,'标题183','link183','url183',-1,'内容183','2020-11-21 09:09:11','2020-11-21 09:09:11'),(98,'标题184','link184','url184',-1,'内容184','2020-11-21 09:09:11','2020-11-21 09:09:11'),(99,'标题185','link185','url185',-1,'内容185','2020-11-21 09:09:11','2020-11-21 09:09:11'),(100,'标题186','link186','url186',-1,'内容186','2020-11-21 09:09:11','2020-11-21 09:09:11'),(101,'标题187','link187','url187',-1,'内容187','2020-11-21 09:09:11','2020-11-21 09:09:11'),(102,'标题188','link188','url188',-1,'内容188','2020-11-21 09:09:11','2020-11-21 09:09:11'),(103,'标题189','link189','url189',-1,'内容189','2020-11-21 09:09:11','2020-11-21 09:09:11'),(104,'标题190','link190','url190',-1,'内容190','2020-11-21 09:09:12','2020-11-21 09:09:12'),(105,'标题191','link191','url191',-1,'内容191','2020-11-21 09:09:12','2020-11-21 09:09:12'),(106,'标题192','link192','url192',-1,'内容192','2020-11-21 09:09:12','2020-11-21 09:09:12'),(107,'标题193','link193','url193',-1,'内容193','2020-11-21 09:09:12','2020-11-21 09:09:12'),(108,'标题194','link194','url194',-1,'内容194','2020-11-21 09:09:12','2020-11-21 09:09:12'),(109,'标题195','link195','url195',-1,'内容195','2020-11-21 09:09:12','2020-11-21 09:09:12'),(110,'标题196','link196','url196',-1,'内容196','2020-11-21 09:09:12','2020-11-21 09:09:12'),(111,'标题197','link197','url197',-1,'内容197','2020-11-21 09:09:12','2020-11-21 09:09:12'),(112,'标题198','link198','url198',-1,'内容198','2020-11-21 09:09:12','2020-11-21 09:09:12'),(113,'标题199','link199','url199',-1,'内容199','2020-11-21 09:09:12','2020-11-21 09:09:12'),(114,'标题200','link200','url200',-1,'内容200','2020-11-21 09:09:13','2020-11-21 09:09:13'),(115,'标题201','link201','url201',-1,'内容201','2020-11-21 09:09:13','2020-11-21 09:09:13'),(116,'标题202','link202','url202',-1,'内容202','2020-11-21 09:09:13','2020-11-21 09:09:13'),(117,'标题203','link203','url203',-1,'内容203','2020-11-21 09:09:13','2020-11-21 09:09:13'),(118,'标题204','link204','url204',-1,'内容204','2020-11-21 09:09:13','2020-11-21 09:09:13'),(119,'标题205','link205','url205',-1,'内容205','2020-11-21 09:09:13','2020-11-21 09:09:13'),(120,'标题206','link206','url206',-1,'内容206','2020-11-21 09:09:13','2020-11-21 09:09:13'),(121,'标题207','link207','url207',-1,'内容207','2020-11-21 09:09:13','2020-11-21 09:09:13'),(122,'标题208','link208','url208',-1,'内容208','2020-11-21 09:09:13','2020-11-21 09:09:13'),(123,'标题209','link209','url209',-1,'内容209','2020-11-21 09:09:13','2020-11-21 09:09:13'),(124,'标题210','link210','url210',-1,'内容210','2020-11-21 09:09:13','2020-11-21 09:09:13'),(125,'标题211','link211','url211',-1,'内容211','2020-11-21 09:09:13','2020-11-21 09:09:13'),(126,'标题212','link212','url212',-1,'内容212','2020-11-21 09:09:14','2020-11-21 09:09:14'),(127,'标题213','link213','url213',-1,'内容213','2020-11-21 09:09:14','2020-11-21 09:09:14'),(128,'标题214','link214','url214',-1,'内容214','2020-11-21 09:09:14','2020-11-21 09:09:14'),(129,'标题215','link215','url215',-1,'内容215','2020-11-21 09:09:14','2020-11-21 09:09:14'),(130,'标题216','link216','url216',-1,'内容216','2020-11-21 09:09:14','2020-11-21 09:09:14'),(131,'标题217','link217','url217',-1,'内容217','2020-11-21 09:09:14','2020-11-21 09:09:14'),(132,'标题218','link218','url218',-1,'内容218','2020-11-21 09:09:14','2020-11-21 09:09:14'),(133,'标题219','link219','url219',-1,'内容219','2020-11-21 09:09:14','2020-11-21 09:09:14'),(134,'标题220','link220','url220',-1,'内容220','2020-11-21 09:09:14','2020-11-21 09:09:14'),(135,'标题221','link221','url221',-1,'内容221','2020-11-21 09:09:14','2020-11-21 09:09:14'),(136,'标题222','link222','url222',-1,'内容222','2020-11-21 09:09:14','2020-11-21 09:09:14'),(137,'标题223','link223','url223',-1,'内容223','2020-11-21 09:09:15','2020-11-21 09:09:15'),(138,'标题224','link224','url224',-1,'内容224','2020-11-21 09:09:15','2020-11-21 09:09:15'),(139,'标题225','link225','url225',-1,'内容225','2020-11-21 09:09:15','2020-11-21 09:09:15'),(140,'标题226','link226','url226',-1,'内容226','2020-11-21 09:09:15','2020-11-21 09:09:15'),(141,'标题227','link227','url227',-1,'内容227','2020-11-21 09:09:15','2020-11-21 09:09:15'),(142,'标题228','link228','url228',-1,'内容228','2020-11-21 09:09:15','2020-11-21 09:09:15'),(143,'标题229','link229','url229',-1,'内容229','2020-11-21 09:09:15','2020-11-21 09:09:15'),(144,'标题230','link230','url230',-1,'内容230','2020-11-21 09:09:15','2020-11-21 09:09:15'),(145,'标题231','link231','url231',-1,'内容231','2020-11-21 09:09:15','2020-11-21 09:09:15'),(146,'标题232','link232','url232',-1,'内容232','2020-11-21 09:09:15','2020-11-21 09:09:15'),(147,'标题233','link233','url233',-1,'内容233','2020-11-21 09:09:15','2020-11-21 09:09:15'),(148,'标题234','link234','url234',-1,'内容234','2020-11-21 09:09:16','2020-11-21 09:09:16'),(149,'标题235','link235','url235',-1,'内容235','2020-11-21 09:09:16','2020-11-21 09:09:16'),(150,'标题236','link236','url236',-1,'内容236','2020-11-21 09:09:16','2020-11-21 09:09:16'),(151,'标题237','link237','url237',-1,'内容237','2020-11-21 09:09:16','2020-11-21 09:09:16'),(152,'标题238','link238','url238',-1,'内容238','2020-11-21 09:09:16','2020-11-21 09:09:16'),(153,'标题239','link239','url239',-1,'内容239','2020-11-21 09:09:16','2020-11-21 09:09:16'),(154,'标题240','link240','url240',-1,'内容240','2020-11-21 09:09:16','2020-11-21 09:09:16'),(155,'标题241','link241','url241',-1,'内容241','2020-11-21 09:09:16','2020-11-21 09:09:16'),(156,'标题242','link242','url242',-1,'内容242','2020-11-21 09:09:16','2020-11-21 09:09:16'),(157,'标题243','link243','url243',-1,'内容243','2020-11-21 09:09:16','2020-11-21 09:09:16'),(158,'标题244','link244','url244',-1,'内容244','2020-11-21 09:09:17','2020-11-21 09:09:17');
/*!40000 ALTER TABLE `mall_ad` ENABLE KEYS */;
UNLOCK TABLES;

--
-- Table structure for table `mall_address`
--

DROP TABLE IF EXISTS `mall_address`;
/*!40101 SET @saved_cs_client     = @@character_set_client */;
/*!50503 SET character_set_client = utf8mb4 */;
CREATE TABLE `mall_address` (
  `id` int NOT NULL AUTO_INCREMENT,
  `user_id` int DEFAULT NULL,
  `address_detail` varchar(200) DEFAULT NULL,
  `mobile` varchar(200) DEFAULT NULL,
  `name` varchar(200) DEFAULT NULL,
  `update_time` datetime DEFAULT NULL,
  PRIMARY KEY (`id`)
) ENGINE=InnoDB AUTO_INCREMENT=120 DEFAULT CHARSET=utf8mb4 COLLATE=utf8mb4_0900_ai_ci;
/*!40101 SET character_set_client = @saved_cs_client */;

--
-- Dumping data for table `mall_address`
--

LOCK TABLES `mall_address` WRITE;
/*!40000 ALTER TABLE `mall_address` DISABLE KEYS */;
INSERT INTO `mall_address` VALUES (7,98,'详细地址6scc','mobile6c','收货人698cc','2020-11-25 14:34:21'),(8,61,'详细地址7','mobile7','收货人761','2020-11-19 18:47:52'),(9,65,'详细地址8z','mobile8z','收货人865z','2020-11-19 18:47:52'),(10,39,'详细地址9','mobile9','收货人939','2020-11-19 18:47:52'),(11,42,'详细地址10','mobile10','收货人1042','2020-11-19 18:47:52'),(12,81,'详细地址11','mobile11','收货人1181','2020-11-19 18:47:53'),(13,76,'详细地址12','mobile12','收货人1276','2020-11-19 18:47:53'),(24,99,'详细地址23','mobile23','收货人2399','2020-11-19 18:47:54'),(25,37,'详细地址24','mobile24','收货人2437','2020-11-19 18:47:54'),(26,107,'详细地址25','mobile25','收货人25107','2020-11-19 18:47:54'),(28,65,'详细地址27','mobile27','收货人2765','2020-11-19 18:47:54'),(29,50,'详细地址28','mobile28','收货人2850','2020-11-19 18:47:54'),(30,77,'详细地址29','mobile29','收货人2977','2020-11-19 18:47:54'),(31,25,'详细地址30','mobile30','收货人3025','2020-11-19 18:47:54'),(32,60,'详细地址31','mobile31','收货人3160','2020-11-19 18:47:54'),(33,82,'详细地址32','mobile32','收货人3282','2020-11-19 18:47:54'),(35,82,'详细地址34','mobile34','收货人3482','2020-11-19 18:47:54'),(36,105,'详细地址35','mobile35','收货人35105','2020-11-19 18:47:54'),(37,52,'详细地址36','mobile36','收货人3652','2020-11-19 18:47:54'),(38,79,'详细地址37','mobile37','收货人3779','2020-11-19 18:47:54'),(40,74,'详细地址39','mobile39','收货人3974','2020-11-19 18:47:55'),(41,73,'详细地址40','mobile40','收货人4073','2020-11-19 18:47:55'),(42,94,'详细地址41','mobile41','收货人4194','2020-11-19 18:47:55'),(43,98,'详细地址42','mobile42','收货人4298','2020-11-19 18:47:55'),(44,48,'详细地址43','mobile43','收货人4348','2020-11-19 18:47:55'),(45,35,'详细地址44','mobile44','收货人4435','2020-11-19 18:47:55'),(46,61,'详细地址45','mobile45','收货人4561','2020-11-19 18:47:55'),(47,43,'详细地址46','mobile46','收货人4643','2020-11-19 18:47:55'),(48,64,'详细地址47','mobile47','收货人4764','2020-11-19 18:47:55'),(49,105,'详细地址48','mobile48','收货人48105','2020-11-19 18:47:55'),(50,45,'详细地址49','mobile49','收货人4945','2020-11-19 18:47:55'),(51,102,'详细地址50','mobile50','收货人50102','2020-11-19 18:47:55'),(52,27,'详细地址51','mobile51','收货人5127','2020-11-19 18:47:56'),(53,87,'详细地址52','mobile52','收货人5287','2020-11-19 18:47:56'),(54,46,'详细地址53','mobile53','收货人5346','2020-11-19 18:47:56'),(55,95,'详细地址54','mobile54','收货人5495','2020-11-19 18:47:56'),(56,90,'详细地址55','mobile55','收货人5590','2020-11-19 18:47:56'),(57,89,'详细地址56','mobile56','收货人5689','2020-11-19 18:47:56'),(58,65,'详细地址57','mobile57','收货人5765','2020-11-19 18:47:56'),(59,82,'详细地址58','mobile58','收货人5882','2020-11-19 18:47:56'),(60,69,'详细地址59','mobile59','收货人5969','2020-11-19 18:47:56'),(61,58,'详细地址60','mobile60','收货人6058','2020-11-19 18:47:56'),(62,69,'详细地址61','mobile61','收货人6169','2020-11-19 18:47:56'),(63,41,'详细地址62','mobile62','收货人6241','2020-11-19 18:47:56'),(64,27,'详细地址63','mobile63','收货人6327','2020-11-19 18:47:56'),(66,58,'详细地址65','mobile65','收货人6558','2020-11-19 18:47:57'),(67,77,'详细地址66','mobile66','收货人6677','2020-11-19 18:47:57'),(69,109,'详细地址68','mobile68','收货人68109','2020-11-19 18:47:57'),(70,77,'详细地址69','mobile69','收货人6977','2020-11-19 18:47:57'),(71,61,'详细地址70','mobile70','收货人7061','2020-11-19 18:47:57'),(72,45,'详细地址71','mobile71','收货人7145','2020-11-19 18:47:57'),(73,43,'详细地址72','mobile72','收货人7243','2020-11-19 18:47:57'),(74,46,'详细地址73','mobile73','收货人7346','2020-11-19 18:47:57'),(75,32,'详细地址74','mobile74','收货人7432','2020-11-19 18:47:57'),(76,91,'详细地址75','mobile75','收货人7591','2020-11-19 18:47:57'),(77,94,'详细地址76','mobile76','收货人7694','2020-11-19 18:47:57'),(78,68,'详细地址77','mobile77','收货人7768','2020-11-19 18:47:58'),(79,81,'详细地址78','mobile78','收货人7881','2020-11-19 18:47:58'),(80,92,'详细地址79','mobile79','收货人7992','2020-11-19 18:47:58'),(81,72,'详细地址80','mobile80','收货人8072','2020-11-19 18:47:58'),(82,85,'详细地址81','mobile81','收货人8185','2020-11-19 18:47:58'),(83,76,'详细地址82','mobile82','收货人8276','2020-11-19 18:47:58'),(84,74,'详细地址83','mobile83','收货人8374','2020-11-19 18:47:58'),(85,94,'详细地址84','mobile84','收货人8494','2020-11-19 18:47:58'),(86,85,'详细地址85','mobile85','收货人8585','2020-11-19 18:47:58'),(87,66,'详细地址86','mobile86','收货人8666','2020-11-19 18:47:58'),(88,39,'详细地址87','mobile87','收货人8739','2020-11-19 18:47:58'),(89,48,'详细地址88','mobile88','收货人8848','2020-11-19 18:47:58'),(90,28,'详细地址89','mobile89','收货人8928','2020-11-19 18:47:59'),(91,50,'详细地址90','mobile90','收货人9050','2020-11-19 18:47:59'),(92,97,'详细地址91','mobile91','收货人9197','2020-11-19 18:47:59'),(96,108,'详细地址95','mobile95','收货人95108','2020-11-19 18:47:59'),(97,83,'详细地址96','mobile96','收货人9683','2020-11-19 18:47:59'),(98,107,'详细地址97','mobile97','收货人97107','2020-11-19 18:47:59'),(99,105,'详细地址98','mobile98','收货人98105','2020-11-19 18:47:59'),(100,59,'详细地址99','mobile99','收货人9959','2020-11-19 18:47:59'),(102,115,'广东省广州市3','187191383253','李源3','2020-11-24 20:48:06'),(119,115,'33333','wW333','qq333','2020-11-24 20:48:06');
/*!40000 ALTER TABLE `mall_address` ENABLE KEYS */;
UNLOCK TABLES;

--
-- Table structure for table `mall_admin`
--

DROP TABLE IF EXISTS `mall_admin`;
/*!40101 SET @saved_cs_client     = @@character_set_client */;
/*!50503 SET character_set_client = utf8mb4 */;
CREATE TABLE `mall_admin` (
  `id` int NOT NULL AUTO_INCREMENT,
  `username` varchar(200) DEFAULT NULL,
  `password` varchar(200) DEFAULT NULL,
  `create_time` datetime DEFAULT NULL,
  `role` int DEFAULT NULL,
  `avatar` varchar(200) DEFAULT NULL,
  `last_login_time` datetime DEFAULT NULL,
  PRIMARY KEY (`id`)
) ENGINE=InnoDB AUTO_INCREMENT=47 DEFAULT CHARSET=utf8mb4 COLLATE=utf8mb4_0900_ai_ci;
/*!40101 SET character_set_client = @saved_cs_client */;

--
-- Dumping data for table `mall_admin`
--

LOCK TABLES `mall_admin` WRITE;
/*!40000 ALTER TABLE `mall_admin` DISABLE KEYS */;
INSERT INTO `mall_admin` VALUES (4,'3@qq.com',NULL,'2020-11-21 10:16:24',-1,'avatar3','2020-11-22 10:16:24'),(5,'4@qq.com',NULL,'2020-11-21 10:16:25',-1,'avatar4','2020-11-22 10:16:25'),(6,'5@qq.com',NULL,'2020-11-21 10:16:25',-1,'avatar5','2020-11-22 10:16:25'),(7,'6@qq.com',NULL,'2020-11-21 10:16:25',-1,'avatar6','2020-11-22 10:16:25'),(8,'7@qq.com',NULL,'2020-11-21 10:16:25',-1,'avatar7','2020-11-22 10:16:25'),(9,'8@qq.com',NULL,'2020-11-21 10:16:25',-1,'avatar8','2020-11-22 10:16:25'),(10,'9@qq.com',NULL,'2020-11-21 10:16:25',-1,'avatar9','2020-11-22 10:16:25'),(11,'10@qq.com',NULL,'2020-11-21 10:16:25',-1,'avatar10','2020-11-22 10:16:25'),(12,'11@qq.com',NULL,'2020-11-21 10:16:25',-1,'avatar11','2020-11-22 10:16:25'),(13,'12@qq.com',NULL,'2020-11-21 10:16:25',-1,'avatar12','2020-11-22 10:16:25'),(14,'13@qq.com',NULL,'2020-11-21 10:16:26',-1,'avatar13','2020-11-22 10:16:26'),(15,'14@qq.com',NULL,'2020-11-21 10:16:26',-1,'avatar14','2020-11-22 10:16:26'),(16,'15@qq.com',NULL,'2020-11-21 10:16:26',-1,'avatar15','2020-11-22 10:16:26'),(17,'16@qq.com',NULL,'2020-11-21 10:16:26',-1,'avatar16','2020-11-22 10:16:26'),(18,'17@qq.com',NULL,'2020-11-21 10:16:26',-1,'avatar17','2020-11-22 10:16:26'),(19,'18@qq.com',NULL,'2020-11-21 10:16:26',-1,'avatar18','2020-11-22 10:16:26'),(20,'19@qq.com',NULL,'2020-11-21 10:16:26',-1,'avatar19','2020-11-22 10:16:26'),(21,'20@qq.com',NULL,'2020-11-21 10:16:26',-1,'avatar20','2020-11-22 10:16:26'),(22,'21@qq.com',NULL,'2020-11-21 10:16:26',-1,'avatar21','2020-11-22 10:16:26'),(23,'22@qq.com',NULL,'2020-11-21 10:16:26',-1,'avatar22','2020-11-22 10:16:26'),(24,'23@qq.com',NULL,'2020-11-21 10:16:27',-1,'avatar23','2020-11-22 10:16:27'),(25,'24@qq.com',NULL,'2020-11-21 10:16:27',-1,'avatar24','2020-11-22 10:16:27'),(26,'25@qq.com',NULL,'2020-11-21 10:16:27',-1,'avatar25','2020-11-22 10:16:27'),(27,'26@qq.com',NULL,'2020-11-21 10:16:27',-1,'avatar26','2020-11-22 10:16:27'),(28,'27@qq.com',NULL,'2020-11-21 10:16:27',-1,'avatar27','2020-11-22 10:16:27'),(29,'28@qq.com',NULL,'2020-11-21 10:16:27',-1,'avatar28','2020-11-22 10:16:27'),(30,'29@qq.com',NULL,'2020-11-21 10:16:27',-1,'avatar29','2020-11-22 10:16:27'),(31,'30@qq.com',NULL,'2020-11-21 10:16:27',-1,'avatar30','2020-11-22 10:16:27'),(32,'31@qq.com',NULL,'2020-11-21 10:16:27',-1,'avatar31','2020-11-22 10:16:27'),(33,'32@qq.com',NULL,'2020-11-21 10:16:27',-1,'avatar32','2020-11-22 10:16:27'),(34,'33@qq.com',NULL,'2020-11-21 10:16:27',-1,'avatar33','2020-11-22 10:16:27'),(35,'34@qq.com',NULL,'2020-11-21 10:16:28',-1,'avatar34','2020-11-22 10:16:28'),(36,'35@qq.com',NULL,'2020-11-21 10:16:28',-1,'avatar35','2020-11-22 10:16:28'),(37,'36@qq.com',NULL,'2020-11-21 10:16:28',-1,'avatar36','2020-11-22 10:16:28'),(38,'37@qq.com',NULL,'2020-11-21 10:16:28',-1,'avatar37','2020-11-22 10:16:28'),(39,'38@qq.com',NULL,'2020-11-21 10:16:28',-1,'avatar38','2020-11-22 10:16:28'),(40,'39@qq.com',NULL,'2020-11-21 10:16:28',-1,'avatar39','2020-11-22 10:16:28'),(41,'40@qq.com',NULL,'2020-11-21 10:16:28',-1,'avatar40','2020-11-22 10:16:28'),(42,'41@qq.com',NULL,'2020-11-21 10:16:28',-1,'avatar41','2020-11-22 10:16:28'),(43,'42@qq.com',NULL,'2020-11-21 10:16:28',-1,'avatar42','2020-11-22 10:16:28'),(44,'43@qq.com',NULL,'2020-11-21 10:16:28',-1,'avatar43','2020-11-22 10:16:28'),(46,'1987151116@qq.com','123456',NULL,NULL,NULL,NULL);
/*!40000 ALTER TABLE `mall_admin` ENABLE KEYS */;
UNLOCK TABLES;

--
-- Table structure for table `mall_cart`
--

DROP TABLE IF EXISTS `mall_cart`;
/*!40101 SET @saved_cs_client     = @@character_set_client */;
/*!50503 SET character_set_client = utf8mb4 */;
CREATE TABLE `mall_cart` (
  `id` int NOT NULL AUTO_INCREMENT,
  `user_id` int DEFAULT NULL,
  `product_id` int DEFAULT NULL,
  `number` int DEFAULT NULL,
  `checked` tinyint(1) DEFAULT NULL,
  `update_time` datetime DEFAULT NULL,
  `goods_id` int DEFAULT NULL,
  PRIMARY KEY (`id`)
) ENGINE=InnoDB AUTO_INCREMENT=57 DEFAULT CHARSET=utf8mb4 COLLATE=utf8mb4_0900_ai_ci;
/*!40101 SET character_set_client = @saved_cs_client */;

--
-- Dumping data for table `mall_cart`
--

LOCK TABLES `mall_cart` WRITE;
/*!40000 ALTER TABLE `mall_cart` DISABLE KEYS */;
INSERT INTO `mall_cart` VALUES (1,67,-1,1,0,'2020-11-24 22:23:51',39),(2,103,-1,1,0,'2020-11-24 22:23:51',32),(3,101,-1,2,0,'2020-11-24 22:23:51',48),(4,83,-1,3,0,'2020-11-24 22:23:51',19),(5,26,-1,4,0,'2020-11-24 22:23:51',14),(6,69,-1,5,0,'2020-11-24 22:23:52',2),(7,32,-1,6,0,'2020-11-24 22:23:52',48),(8,57,-1,7,0,'2020-11-24 22:23:52',22),(9,79,-1,8,0,'2020-11-24 22:23:52',1),(10,39,-1,3,0,'2020-11-24 22:23:52',24),(11,44,-1,3,0,'2020-11-24 22:23:52',39),(12,44,-1,3,0,'2020-11-24 22:23:52',33),(13,35,-1,3,0,'2020-11-24 22:23:52',42),(14,72,-1,3,0,'2020-11-24 22:23:52',4),(15,100,-1,3,0,'2020-11-24 22:23:52',25),(16,97,-1,3,0,'2020-11-24 22:23:52',27),(17,89,-1,3,0,'2020-11-24 22:23:52',39),(18,68,-1,3,0,'2020-11-24 22:23:53',9),(19,86,-1,3,0,'2020-11-24 22:23:53',37),(20,55,-1,3,0,'2020-11-24 22:23:53',52),(21,75,-1,3,0,'2020-11-24 22:23:53',33),(22,69,-1,3,0,'2020-11-24 22:23:53',5),(23,96,-1,3,0,'2020-11-24 22:23:53',43),(24,66,-1,3,0,'2020-11-24 22:23:53',3),(25,111,-1,3,0,'2020-11-24 22:23:53',15),(26,91,-1,3,0,'2020-11-24 22:23:53',44),(27,33,-1,3,0,'2020-11-24 22:23:53',12),(28,39,-1,3,0,'2020-11-24 22:23:53',1),(29,35,-1,3,0,'2020-11-24 22:23:53',23),(30,28,-1,3,0,'2020-11-24 22:23:54',15),(31,72,-1,3,0,'2020-11-24 22:23:54',21),(32,50,-1,3,0,'2020-11-24 22:23:54',7),(33,43,-1,3,0,'2020-11-24 22:23:54',30),(34,81,-1,3,0,'2020-11-24 22:23:55',21),(35,33,-1,3,0,'2020-11-24 22:23:55',32),(36,43,-1,3,0,'2020-11-24 22:23:55',26),(37,106,-1,3,0,'2020-11-24 22:23:55',29),(38,31,-1,3,0,'2020-11-24 22:23:55',8),(39,33,-1,3,0,'2020-11-24 22:23:55',7),(40,115,-1,4,0,'2020-11-24 22:23:55',20),(41,32,-1,3,0,'2020-11-24 22:23:55',44),(45,115,-1,3,0,'2020-11-24 22:23:56',17),(46,115,-1,3,0,'2020-11-24 22:23:56',54),(48,115,-1,3,0,'2020-11-24 22:23:56',13),(49,115,-1,3,0,'2020-11-24 22:23:56',28),(50,115,-1,3,0,'2020-11-24 22:23:56',51),(52,115,-1,3,0,'2020-11-24 22:23:56',50),(53,115,-1,3,0,'2020-11-24 22:23:56',11),(54,115,-1,3,0,'2020-11-24 22:23:56',3),(55,115,-1,3,0,'2020-11-24 22:23:56',2);
/*!40000 ALTER TABLE `mall_cart` ENABLE KEYS */;
UNLOCK TABLES;

--
-- Table structure for table `mall_category`
--

DROP TABLE IF EXISTS `mall_category`;
/*!40101 SET @saved_cs_client     = @@character_set_client */;
/*!50503 SET character_set_client = utf8mb4 */;
CREATE TABLE `mall_category` (
  `id` int NOT NULL AUTO_INCREMENT,
  `name` varchar(200) DEFAULT NULL,
  `pid` int DEFAULT NULL,
  `desc` varchar(255) DEFAULT NULL,
  `update_time` datetime DEFAULT NULL,
  `keywords` varchar(200) DEFAULT NULL,
  PRIMARY KEY (`id`)
) ENGINE=InnoDB AUTO_INCREMENT=4 DEFAULT CHARSET=utf8mb4 COLLATE=utf8mb4_0900_ai_ci;
/*!40101 SET character_set_client = @saved_cs_client */;

--
-- Dumping data for table `mall_category`
--

LOCK TABLES `mall_category` WRITE;
/*!40000 ALTER TABLE `mall_category` DISABLE KEYS */;
INSERT INTO `mall_category` VALUES (1,'衣服',-1,'desc','2020-11-23 12:27:56','关键字'),(2,'手机',-1,'desc','2020-11-23 12:27:57','关键字'),(3,'书籍',-1,'desc','2020-11-23 12:27:59','关键字');
/*!40000 ALTER TABLE `mall_category` ENABLE KEYS */;
UNLOCK TABLES;

--
-- Table structure for table `mall_feedback`
--

DROP TABLE IF EXISTS `mall_feedback`;
/*!40101 SET @saved_cs_client     = @@character_set_client */;
/*!50503 SET character_set_client = utf8mb4 */;
CREATE TABLE `mall_feedback` (
  `id` int NOT NULL AUTO_INCREMENT,
  `user_id` int DEFAULT NULL,
  `title` varchar(200) DEFAULT NULL,
  `update_time` datetime DEFAULT NULL,
  `content` text COMMENT '此处为富文本形式',
  PRIMARY KEY (`id`)
) ENGINE=InnoDB AUTO_INCREMENT=101 DEFAULT CHARSET=utf8mb4 COLLATE=utf8mb4_0900_ai_ci;
/*!40101 SET character_set_client = @saved_cs_client */;

--
-- Dumping data for table `mall_feedback`
--

LOCK TABLES `mall_feedback` WRITE;
/*!40000 ALTER TABLE `mall_feedback` DISABLE KEYS */;
INSERT INTO `mall_feedback` VALUES (1,36,'title0','2020-11-19 20:09:29','content0'),(2,33,'title1','2020-11-19 20:09:29','content1'),(3,28,'title2','2020-11-19 20:09:29','content2'),(4,71,'title3','2020-11-19 20:09:29','content3'),(5,78,'title4','2020-11-19 20:09:29','content4'),(6,44,'title5','2020-11-19 20:09:29','content5'),(7,37,'title6','2020-11-19 20:09:29','content6'),(8,61,'title7','2020-11-19 20:09:29','content7'),(9,65,'title8','2020-11-19 20:09:29','content8'),(10,111,'title9','2020-11-19 20:09:30','content9'),(11,56,'title10','2020-11-19 20:09:30','content10'),(12,52,'title11','2020-11-19 20:09:30','content11'),(13,81,'title12','2020-11-19 20:09:30','content12'),(14,29,'title13','2020-11-19 20:09:30','content13'),(15,41,'title14','2020-11-19 20:09:30','content14'),(16,39,'title15','2020-11-19 20:09:30','content15'),(17,70,'title16','2020-11-19 20:09:30','content16'),(18,66,'title17','2020-11-19 20:09:31','content17'),(19,86,'title18','2020-11-19 20:09:31','content18'),(20,38,'title19','2020-11-19 20:09:31','content19'),(21,60,'title20','2020-11-19 20:09:31','content20'),(22,95,'title21','2020-11-19 20:09:31','content21'),(23,96,'title22','2020-11-19 20:09:31','content22'),(24,58,'title23','2020-11-19 20:09:31','content23'),(25,59,'title24','2020-11-19 20:09:31','content24'),(26,59,'title25','2020-11-19 20:09:31','content25'),(27,102,'title26','2020-11-19 20:09:31','content26'),(28,60,'title27','2020-11-19 20:09:31','content27'),(29,72,'title28','2020-11-19 20:09:32','content28'),(30,53,'title29','2020-11-19 20:09:32','content29'),(31,61,'title30','2020-11-19 20:09:32','content30'),(32,70,'title31','2020-11-19 20:09:32','content31'),(33,86,'title32','2020-11-19 20:09:32','content32'),(34,37,'title33','2020-11-19 20:09:32','content33'),(35,32,'title34','2020-11-19 20:09:32','content34'),(36,37,'title35','2020-11-19 20:09:32','content35'),(37,60,'title36','2020-11-19 20:09:32','content36'),(38,48,'title37','2020-11-19 20:09:32','content37'),(39,75,'title38','2020-11-19 20:09:33','content38'),(40,91,'title39','2020-11-19 20:09:33','content39'),(41,94,'title40','2020-11-19 20:09:33','content40'),(42,85,'title41','2020-11-19 20:09:33','content41'),(43,79,'title42','2020-11-19 20:09:33','content42'),(44,53,'title43','2020-11-19 20:09:33','content43'),(45,68,'title44','2020-11-19 20:09:33','content44'),(46,102,'title45','2020-11-19 20:09:33','content45'),(47,41,'title46','2020-11-19 20:09:33','content46'),(48,78,'title47','2020-11-19 20:09:33','content47'),(49,111,'title48','2020-11-19 20:09:34','content48'),(50,32,'title49','2020-11-19 20:09:34','content49'),(51,63,'title50','2020-11-19 20:09:34','content50'),(52,78,'title51','2020-11-19 20:09:34','content51'),(53,88,'title52','2020-11-19 20:09:34','content52'),(54,90,'title53','2020-11-19 20:09:34','content53'),(55,42,'title54','2020-11-19 20:09:34','content54'),(56,80,'title55','2020-11-19 20:09:34','content55'),(57,62,'title56','2020-11-19 20:09:34','content56'),(58,57,'title57','2020-11-19 20:09:34','content57'),(59,80,'title58','2020-11-19 20:09:34','content58'),(60,63,'title59','2020-11-19 20:09:35','content59'),(61,99,'title60','2020-11-19 20:09:35','content60'),(62,99,'title61','2020-11-19 20:09:35','content61'),(63,66,'title62','2020-11-19 20:09:35','content62'),(64,66,'title63','2020-11-19 20:09:35','content63'),(65,90,'title64','2020-11-19 20:09:35','content64'),(66,84,'title65','2020-11-19 20:09:35','content65'),(67,25,'title66','2020-11-19 20:09:35','content66'),(68,65,'title67','2020-11-19 20:09:35','content67'),(69,44,'title68','2020-11-19 20:09:35','content68'),(70,74,'title69','2020-11-19 20:09:35','content69'),(71,66,'title70','2020-11-19 20:09:35','content70'),(72,31,'title71','2020-11-19 20:09:36','content71'),(73,58,'title72','2020-11-19 20:09:36','content72'),(74,32,'title73','2020-11-19 20:09:36','content73'),(75,35,'title74','2020-11-19 20:09:36','content74'),(76,108,'title75','2020-11-19 20:09:36','content75'),(77,96,'title76','2020-11-19 20:09:36','content76'),(78,52,'title77','2020-11-19 20:09:36','content77'),(79,38,'title78','2020-11-19 20:09:36','content78'),(80,60,'title79','2020-11-19 20:09:36','content79'),(81,63,'title80','2020-11-19 20:09:36','content80'),(82,71,'title81','2020-11-19 20:09:36','content81'),(83,110,'title82','2020-11-19 20:09:36','content82'),(84,51,'title83','2020-11-19 20:09:36','content83'),(85,88,'title84','2020-11-19 20:09:37','content84'),(86,91,'title85','2020-11-19 20:09:37','content85'),(87,76,'title86','2020-11-19 20:09:37','content86'),(88,48,'title87','2020-11-19 20:09:37','content87'),(89,99,'title88','2020-11-19 20:09:37','content88'),(90,94,'title89','2020-11-19 20:09:37','content89'),(91,53,'title90','2020-11-19 20:09:37','content90'),(92,77,'title91','2020-11-19 20:09:38','content91'),(93,81,'title92','2020-11-19 20:09:38','content92'),(94,93,'title93','2020-11-19 20:09:38','content93'),(95,48,'title94','2020-11-19 20:09:38','content94'),(96,74,'title95','2020-11-19 20:09:38','content95'),(97,75,'title96','2020-11-19 20:09:38','content96'),(98,96,'title97','2020-11-19 20:09:38','content97'),(99,66,'title98','2020-11-19 20:09:38','content98'),(100,83,'title99','2020-11-19 20:09:38','content99');
/*!40000 ALTER TABLE `mall_feedback` ENABLE KEYS */;
UNLOCK TABLES;

--
-- Table structure for table `mall_goods`
--

DROP TABLE IF EXISTS `mall_goods`;
/*!40101 SET @saved_cs_client     = @@character_set_client */;
/*!50503 SET character_set_client = utf8mb4 */;
CREATE TABLE `mall_goods` (
  `id` int NOT NULL AUTO_INCREMENT,
  `name` varchar(200) DEFAULT NULL,
  `category_id` int DEFAULT NULL,
  `brand_id` int DEFAULT NULL COMMENT '商家的id，也是用户的id\n',
  `keywords` varchar(200) DEFAULT NULL,
  `brief` varchar(255) DEFAULT NULL,
  `price` float DEFAULT NULL,
  `detail` text,
  `update_time` datetime DEFAULT NULL,
  PRIMARY KEY (`id`)
) ENGINE=InnoDB AUTO_INCREMENT=57 DEFAULT CHARSET=utf8mb4 COLLATE=utf8mb4_0900_ai_ci;
/*!40101 SET character_set_client = @saved_cs_client */;

--
-- Dumping data for table `mall_goods`
--

LOCK TABLES `mall_goods` WRITE;
/*!40000 ALTER TABLE `mall_goods` DISABLE KEYS */;
INSERT INTO `mall_goods` VALUES (1,'商品0',1,20,'关键字0','商品简要描述0',105.872,'商品富文本的详细描述0','2020-11-23 21:09:46'),(2,'商品1',5,20,'关键字1','商品简要描述1',151.711,'商品富文本的详细描述1','2020-11-23 21:09:46'),(3,'商品2',1,20,'关键字2','商品简要描述2',134.84,'商品富文本的详细描述2','2020-11-23 21:09:46'),(4,'商品3',2,20,'关键字3','商品简要描述3',64.9668,'商品富文本的详细描述3','2020-11-23 21:09:46'),(5,'商品4',5,20,'关键字4','商品简要描述4',99.7941,'商品富文本的详细描述4','2020-11-23 21:09:46'),(6,'商品5',4,20,'关键字5','商品简要描述5',162.526,'商品富文本的详细描述5','2020-11-23 21:09:47'),(7,'商品6',3,20,'关键字6','商品简要描述6',104.891,'商品富文本的详细描述6','2020-11-23 21:09:47'),(8,'商品7',0,20,'关键字7','商品简要描述7',18.4205,'商品富文本的详细描述7','2020-11-23 21:09:47'),(9,'商品8',5,20,'关键字8','商品简要描述8',28.4473,'商品富文本的详细描述8','2020-11-23 21:09:47'),(10,'商品9',5,20,'关键字9','商品简要描述9',84.0648,'商品富文本的详细描述9','2020-11-23 21:09:47'),(11,'商品10',2,20,'关键字10','商品简要描述10',106.619,'商品富文本的详细描述10','2020-11-23 21:09:47'),(12,'商品11',0,20,'关键字11','商品简要描述11',131.058,'商品富文本的详细描述11','2020-11-23 21:09:47'),(13,'商品12',3,20,'关键字12','商品简要描述12',98.4442,'商品富文本的详细描述12','2020-11-23 21:09:47'),(14,'商品13',1,20,'关键字13','商品简要描述13',92.2173,'商品富文本的详细描述13','2020-11-23 21:09:48'),(15,'商品14',2,20,'关键字14','商品简要描述14',91.4186,'商品富文本的详细描述14','2020-11-23 21:09:48'),(16,'商品15',4,20,'关键字15','商品简要描述15',105.44,'商品富文本的详细描述15','2020-11-23 21:09:48'),(17,'商品16',5,20,'关键字16','商品简要描述16',199.189,'商品富文本的详细描述16','2020-11-23 21:09:48'),(18,'商品17',0,20,'关键字17','商品简要描述17',185.484,'商品富文本的详细描述17','2020-11-23 21:09:48'),(19,'商品18',5,20,'关键字18','商品简要描述18',101.553,'商品富文本的详细描述18','2020-11-23 21:09:48'),(20,'商品19',0,20,'关键字19','商品简要描述19',175.553,'商品富文本的详细描述19','2020-11-23 21:09:48'),(21,'商品20',3,20,'关键字20','商品简要描述20',181.857,'商品富文本的详细描述20','2020-11-23 21:09:48'),(22,'商品21',1,20,'关键字21','商品简要描述21',63.5229,'商品富文本的详细描述21','2020-11-23 21:09:48'),(23,'商品22',0,20,'关键字22','商品简要描述22',128.001,'商品富文本的详细描述22','2020-11-23 21:09:48'),(24,'商品23',4,20,'关键字23','商品简要描述23',186.971,'商品富文本的详细描述23','2020-11-23 21:09:48'),(25,'商品24',5,20,'关键字24','商品简要描述24',80.669,'商品富文本的详细描述24','2020-11-23 21:09:49'),(26,'商品25',3,20,'关键字25','商品简要描述25',96.6185,'商品富文本的详细描述25','2020-11-23 21:09:49'),(27,'商品26',1,20,'关键字26','商品简要描述26',135.986,'商品富文本的详细描述26','2020-11-23 21:09:49'),(28,'商品27',1,20,'关键字27','商品简要描述27',99.5861,'商品富文本的详细描述27','2020-11-23 21:09:49'),(29,'商品28',1,20,'关键字28','商品简要描述28',39.7522,'商品富文本的详细描述28','2020-11-23 21:09:49'),(30,'商品29',0,20,'关键字29','商品简要描述29',161.871,'商品富文本的详细描述29','2020-11-23 21:09:49'),(31,'商品30',2,20,'关键字30','商品简要描述30',46.4758,'商品富文本的详细描述30','2020-11-23 21:09:49'),(32,'商品31',0,20,'关键字31','商品简要描述31',113.69,'商品富文本的详细描述31','2020-11-23 21:09:49'),(33,'商品32',3,20,'关键字32','商品简要描述32',158.851,'商品富文本的详细描述32','2020-11-23 21:09:50'),(34,'商品33',4,20,'关键字33','商品简要描述33',171.871,'商品富文本的详细描述33','2020-11-23 21:09:50'),(35,'商品34',0,20,'关键字34','商品简要描述34',111.935,'商品富文本的详细描述34','2020-11-23 21:09:50'),(36,'商品35',2,20,'关键字35','商品简要描述35',70.1956,'商品富文本的详细描述35','2020-11-23 21:09:50'),(37,'商品36',0,20,'关键字36','商品简要描述36',121.184,'商品富文本的详细描述36','2020-11-23 21:09:50'),(38,'商品37',5,20,'关键字37','商品简要描述37',171.652,'商品富文本的详细描述37','2020-11-23 21:09:50'),(39,'商品38',5,20,'关键字38','商品简要描述38',174.608,'商品富文本的详细描述38','2020-11-23 21:09:50'),(40,'商品39',2,20,'关键字39','商品简要描述39',25.763,'商品富文本的详细描述39','2020-11-23 21:09:50'),(41,'商品40',5,20,'关键字40','商品简要描述40',116.728,'商品富文本的详细描述40','2020-11-23 21:09:51'),(42,'商品41',4,20,'关键字41','商品简要描述41',129.699,'商品富文本的详细描述41','2020-11-23 21:09:51'),(43,'商品42',4,20,'关键字42','商品简要描述42',145.613,'商品富文本的详细描述42','2020-11-23 21:09:51'),(44,'商品43',1,20,'关键字43','商品简要描述43',153.631,'商品富文本的详细描述43','2020-11-23 21:09:51'),(45,'商品44',5,20,'关键字44','商品简要描述44',24.1923,'商品富文本的详细描述44','2020-11-23 21:09:51'),(46,'商品45',0,20,'关键字45','商品简要描述45',198.786,'商品富文本的详细描述45','2020-11-23 21:09:51'),(47,'商品46',2,20,'关键字46','商品简要描述46',93.1326,'商品富文本的详细描述46','2020-11-23 21:09:51'),(48,'商品47',3,20,'关键字47','商品简要描述47',170.92,'商品富文本的详细描述47','2020-11-23 21:09:51'),(49,'商品48',4,20,'关键字48','商品简要描述48',64.9943,'商品富文本的详细描述48','2020-11-23 21:09:52'),(50,'商品49',0,20,'关键字49','商品简要描述49',72.444,'商品富文本的详细描述49','2020-11-23 21:09:52'),(51,'商品50',3,20,'关键字50','商品简要描述50',177.98,'商品富文本的详细描述50','2020-11-23 21:09:52'),(52,'商品51',0,20,'关键字51','商品简要描述51',143.192,'商品富文本的详细描述51','2020-11-23 21:09:52'),(53,'商品52',4,20,'关键字52','商品简要描述52',192.488,'商品富文本的详细描述52','2020-11-23 21:09:52'),(54,'商品53',1,20,'关键字53','商品简要描述53',112.815,'商品富文本的详细描述53','2020-11-23 21:09:52'),(55,'商品54',2,20,'关键字54','商品简要描述54',124.819,'商品富文本的详细描述54','2020-11-23 21:09:52'),(56,'商品55',0,20,'关键字55','商品简要描述55',167.059,'商品富文本的详细描述55','2020-11-23 21:09:52');
/*!40000 ALTER TABLE `mall_goods` ENABLE KEYS */;
UNLOCK TABLES;

--
-- Table structure for table `mall_issue`
--

DROP TABLE IF EXISTS `mall_issue`;
/*!40101 SET @saved_cs_client     = @@character_set_client */;
/*!50503 SET character_set_client = utf8mb4 */;
CREATE TABLE `mall_issue` (
  `id` int NOT NULL AUTO_INCREMENT,
  `question` varchar(255) DEFAULT NULL,
  `answer` text,
  `update_time` datetime DEFAULT NULL,
  PRIMARY KEY (`id`)
) ENGINE=InnoDB AUTO_INCREMENT=39 DEFAULT CHARSET=utf8mb4 COLLATE=utf8mb4_0900_ai_ci;
/*!40101 SET character_set_client = @saved_cs_client */;

--
-- Dumping data for table `mall_issue`
--

LOCK TABLES `mall_issue` WRITE;
/*!40000 ALTER TABLE `mall_issue` DISABLE KEYS */;
INSERT INTO `mall_issue` VALUES (1,'q1','<b>test</b>cccc','2020-11-25 14:35:43'),(2,'question1','answer1','2020-11-20 22:24:38'),(3,'question2','answer2','2020-11-20 22:24:38'),(4,'question3','answer3','2020-11-20 22:24:38'),(5,'question4','answer4','2020-11-20 22:24:38'),(6,'question5','answer5','2020-11-20 22:24:38'),(7,'question6','answer6','2020-11-20 22:24:39'),(8,'question7','answer7','2020-11-20 22:24:39'),(9,'question8','answer8','2020-11-20 22:24:39'),(10,'question9','answer9','2020-11-20 22:40:33'),(11,'question10','answer10','2020-11-20 22:24:39'),(12,'question11','answer11','2020-11-20 22:24:39'),(13,'question12','answer12','2020-11-20 22:24:39'),(14,'question13','answer13','2020-11-20 22:24:39'),(15,'question14','answer14','2020-11-20 22:24:39'),(16,'question15','answer15','2020-11-20 22:24:39'),(17,'question16','answer16','2020-11-20 22:24:39'),(18,'question17','answer17','2020-11-20 22:24:40'),(19,'question18','answer18','2020-11-20 22:24:40'),(20,'question19','answer19','2020-11-20 22:24:40'),(21,'question20','answer20','2020-11-20 22:24:40'),(22,'question21','answer21','2020-11-20 22:24:40'),(23,'question22','answer22','2020-11-20 22:24:40'),(24,'question23','answer23','2020-11-20 22:24:40'),(25,'question24','answer24','2020-11-20 22:24:41'),(26,'question25','answer25','2020-11-20 22:24:41'),(27,'question26','answer26','2020-11-20 22:24:41'),(28,'question27','answer27','2020-11-20 22:24:41'),(29,'question28','answer28','2020-11-20 22:24:41'),(30,'question29','answer29','2020-11-20 22:24:41'),(31,'question30','answer30','2020-11-20 22:24:42'),(32,'question31','answer31','2020-11-20 22:24:42'),(33,'question32','answer32','2020-11-20 22:24:42'),(34,'question33','answer33','2020-11-20 22:24:42'),(35,'question0','answer011','2020-11-20 22:37:09'),(36,'question0z','answer0z','2020-11-20 22:37:19'),(37,'question0z','answer0z','2020-11-20 22:37:35'),(38,'question0zssss','answer0zsss','2020-11-20 22:40:40');
/*!40000 ALTER TABLE `mall_issue` ENABLE KEYS */;
UNLOCK TABLES;

--
-- Table structure for table `mall_order`
--

DROP TABLE IF EXISTS `mall_order`;
/*!40101 SET @saved_cs_client     = @@character_set_client */;
/*!50503 SET character_set_client = utf8mb4 */;
CREATE TABLE `mall_order` (
  `id` int NOT NULL AUTO_INCREMENT,
  `user_id` int DEFAULT NULL,
  `order_status` int DEFAULT NULL,
  `aftersale_status` int DEFAULT NULL,
  `address_id` int DEFAULT NULL,
  `goods_price` float DEFAULT NULL,
  `pay_id` varchar(200) DEFAULT NULL,
  `pay_time` datetime DEFAULT NULL,
  `refund_amount` float DEFAULT NULL,
  `refund_type` int DEFAULT NULL,
  `refund_time` datetime DEFAULT NULL,
  `confirm_time` datetime DEFAULT NULL,
  `update_time` datetime DEFAULT NULL,
  PRIMARY KEY (`id`)
) ENGINE=InnoDB AUTO_INCREMENT=89 DEFAULT CHARSET=utf8mb4 COLLATE=utf8mb4_0900_ai_ci;
/*!40101 SET character_set_client = @saved_cs_client */;

--
-- Dumping data for table `mall_order`
--

LOCK TABLES `mall_order` WRITE;
/*!40000 ALTER TABLE `mall_order` DISABLE KEYS */;
INSERT INTO `mall_order` VALUES (52,79,0,0,38,116.509,'wx-pay-id2','2020-11-24 22:04:16',NULL,0,NULL,NULL,'2020-11-24 22:04:16'),(53,46,0,0,54,316.019,'wx-pay-id5','2020-11-24 22:04:16',NULL,0,NULL,NULL,'2020-11-24 22:04:16'),(54,81,0,0,6,966.218,'wx-pay-id6','2020-11-24 22:04:16',NULL,0,NULL,NULL,'2020-11-24 22:04:16'),(55,97,0,0,92,465.473,'wx-pay-id10','2020-11-24 22:04:16',NULL,0,NULL,NULL,'2020-11-24 22:04:16'),(56,45,0,0,50,549.049,'wx-pay-id12','2020-11-24 22:04:16',NULL,0,NULL,NULL,'2020-11-24 22:04:16'),(57,69,0,0,60,121.174,'wx-pay-id13','2020-11-24 22:04:16',NULL,0,NULL,NULL,'2020-11-24 22:04:16'),(58,25,0,0,31,55.9735,'wx-pay-id14','2020-11-24 22:04:16',NULL,0,NULL,NULL,'2020-11-24 22:04:16'),(59,58,0,0,61,671.965,'wx-pay-id15','2020-11-24 22:04:16',NULL,0,NULL,NULL,'2020-11-24 22:04:16'),(60,99,0,0,24,310.653,'wx-pay-id17','2020-11-24 22:04:16',NULL,0,NULL,NULL,'2020-11-24 22:04:16'),(61,79,0,0,38,547.598,'wx-pay-id18','2020-11-24 22:04:16',NULL,0,NULL,NULL,'2020-11-24 22:04:16'),(62,83,0,0,97,870.26,'wx-pay-id19','2020-11-24 22:04:16',NULL,0,NULL,NULL,'2020-11-24 22:04:16'),(63,85,0,0,82,358.353,'wx-pay-id22','2020-11-24 22:04:16',NULL,0,NULL,NULL,'2020-11-24 22:04:16'),(64,95,0,0,55,59.1166,'wx-pay-id23','2020-11-24 22:04:17',NULL,0,NULL,NULL,'2020-11-24 22:04:17'),(65,32,0,0,75,543.946,'wx-pay-id25','2020-11-24 22:04:17',NULL,0,NULL,NULL,'2020-11-24 22:04:17'),(66,97,0,0,92,307.604,'wx-pay-id27','2020-11-24 22:04:17',NULL,0,NULL,NULL,'2020-11-24 22:04:17'),(67,37,0,0,25,889.118,'wx-pay-id30','2020-11-24 22:04:17',NULL,0,NULL,NULL,'2020-11-24 22:04:17'),(68,102,0,0,51,227.025,'wx-pay-id32','2020-11-24 22:04:17',NULL,0,NULL,NULL,'2020-11-24 22:04:17'),(69,59,0,0,100,550.889,'wx-pay-id33','2020-11-24 22:04:17',NULL,0,NULL,NULL,'2020-11-24 22:04:17'),(70,46,0,0,54,887.55,'wx-pay-id34','2020-11-24 22:04:17',NULL,0,NULL,NULL,'2020-11-24 22:04:17'),(71,41,0,0,63,666.831,'wx-pay-id35','2020-11-24 22:04:17',NULL,0,NULL,NULL,'2020-11-24 22:04:17'),(72,25,0,0,31,661.551,'wx-pay-id36','2020-11-24 22:04:17',NULL,0,NULL,NULL,'2020-11-24 22:04:17'),(73,108,0,0,96,550.306,'wx-pay-id39','2020-11-24 22:04:17',NULL,0,NULL,NULL,'2020-11-24 22:04:17'),(74,81,0,0,6,480.395,'wx-pay-id41','2020-11-24 22:04:17',NULL,0,NULL,NULL,'2020-11-24 22:04:17'),(75,81,0,0,6,604.02,'wx-pay-id43','2020-11-24 22:04:18',NULL,0,NULL,NULL,'2020-11-24 22:04:18'),(76,60,0,0,32,122.166,'wx-pay-id44','2020-11-24 22:04:18',NULL,0,NULL,NULL,'2020-11-24 22:04:18'),(77,92,0,0,80,99.849,'wx-pay-id47','2020-11-24 22:04:18',NULL,0,NULL,NULL,'2020-11-24 22:04:18'),(78,72,0,0,81,63.568,'wx-pay-id48','2020-11-24 22:04:18',NULL,0,NULL,NULL,'2020-11-24 22:04:18'),(79,76,0,0,13,150.613,'wx-pay-id49','2020-11-24 22:04:18',NULL,0,NULL,NULL,'2020-11-24 22:04:18'),(80,27,0,0,52,69.12,'wx-pay-id50','2020-11-24 22:04:18',NULL,0,NULL,NULL,'2020-11-24 22:04:18'),(81,85,0,0,82,699.509,'wx-pay-id53','2020-11-24 22:04:19',NULL,0,NULL,NULL,'2020-11-24 22:04:19'),(82,32,0,0,75,579.227,'wx-pay-id54','2020-11-24 22:04:19',NULL,0,NULL,NULL,'2020-11-24 22:04:19'),(83,66,0,0,87,96.6721,'wx-pay-id56','2020-11-24 22:04:19',NULL,0,NULL,NULL,'2020-11-24 22:04:19'),(84,59,0,0,100,871.136,'wx-pay-id58','2020-11-24 22:04:19',NULL,0,NULL,NULL,'2020-11-24 22:04:19'),(85,77,0,0,30,384.371,'wx-pay-id59','2020-11-24 22:04:19',NULL,0,NULL,NULL,'2020-11-24 22:04:19'),(86,94,0,0,42,409.293,'wx-pay-id61','2020-11-24 22:04:19',NULL,0,NULL,NULL,'2020-11-24 22:04:19'),(87,99,0,0,24,234.591,'wx-pay-id63','2020-11-24 22:04:19',NULL,0,NULL,NULL,'2020-11-24 22:04:19'),(88,48,0,0,44,199.26,'wx-pay-id64','2020-11-24 22:04:19',NULL,0,NULL,NULL,'2020-11-24 22:04:19');
/*!40000 ALTER TABLE `mall_order` ENABLE KEYS */;
UNLOCK TABLES;

--
-- Table structure for table `mall_permission`
--

DROP TABLE IF EXISTS `mall_permission`;
/*!40101 SET @saved_cs_client     = @@character_set_client */;
/*!50503 SET character_set_client = utf8mb4 */;
CREATE TABLE `mall_permission` (
  `id` int NOT NULL AUTO_INCREMENT,
  `role_id` int DEFAULT NULL,
  `permission` varchar(200) DEFAULT NULL,
  `update_time` datetime DEFAULT NULL,
  PRIMARY KEY (`id`)
) ENGINE=InnoDB AUTO_INCREMENT=21 DEFAULT CHARSET=utf8mb4 COLLATE=utf8mb4_0900_ai_ci;
/*!40101 SET character_set_client = @saved_cs_client */;

--
-- Dumping data for table `mall_permission`
--

LOCK TABLES `mall_permission` WRITE;
/*!40000 ALTER TABLE `mall_permission` DISABLE KEYS */;
INSERT INTO `mall_permission` VALUES (10,2,'2','2020-11-21 19:01:07'),(11,1,'aaaaa','2020-11-21 19:19:13'),(12,1,'bbbb','2020-11-21 19:19:37'),(13,1,'2222','2020-11-21 19:20:01'),(15,2,'aaaa','2020-11-21 19:20:17'),(16,3,'/1','2020-11-21 19:39:41'),(17,3,'/2','2020-11-21 19:39:46'),(18,4,'/2','2020-11-21 19:40:02'),(19,4,'/3','2020-11-21 19:40:19');
/*!40000 ALTER TABLE `mall_permission` ENABLE KEYS */;
UNLOCK TABLES;

--
-- Table structure for table `mall_role`
--

DROP TABLE IF EXISTS `mall_role`;
/*!40101 SET @saved_cs_client     = @@character_set_client */;
/*!50503 SET character_set_client = utf8mb4 */;
CREATE TABLE `mall_role` (
  `id` int NOT NULL AUTO_INCREMENT,
  `name` varchar(200) DEFAULT NULL,
  `desc` text,
  `update_time` datetime DEFAULT NULL,
  PRIMARY KEY (`id`)
) ENGINE=InnoDB AUTO_INCREMENT=5 DEFAULT CHARSET=utf8mb4 COLLATE=utf8mb4_0900_ai_ci;
/*!40101 SET character_set_client = @saved_cs_client */;

--
-- Dumping data for table `mall_role`
--

LOCK TABLES `mall_role` WRITE;
/*!40000 ALTER TABLE `mall_role` DISABLE KEYS */;
INSERT INTO `mall_role` VALUES (1,'ADMIN','管理员','2020-11-21 19:39:57'),(2,'USER','用户','2020-11-21 19:39:30');
/*!40000 ALTER TABLE `mall_role` ENABLE KEYS */;
UNLOCK TABLES;

--
-- Table structure for table `mall_search_history`
--

DROP TABLE IF EXISTS `mall_search_history`;
/*!40101 SET @saved_cs_client     = @@character_set_client */;
/*!50503 SET character_set_client = utf8mb4 */;
CREATE TABLE `mall_search_history` (
  `id` int NOT NULL AUTO_INCREMENT,
  `user_id` int DEFAULT NULL,
  `keyword` varchar(200) DEFAULT NULL,
  `update_time` datetime DEFAULT NULL,
  PRIMARY KEY (`id`)
) ENGINE=InnoDB AUTO_INCREMENT=101 DEFAULT CHARSET=utf8mb4 COLLATE=utf8mb4_0900_ai_ci;
/*!40101 SET character_set_client = @saved_cs_client */;

--
-- Dumping data for table `mall_search_history`
--

LOCK TABLES `mall_search_history` WRITE;
/*!40000 ALTER TABLE `mall_search_history` DISABLE KEYS */;
INSERT INTO `mall_search_history` VALUES (1,93,'keyword0','2020-11-19 19:31:02'),(2,81,'keyword1','2020-11-19 19:31:02'),(3,35,'keyword2','2020-11-19 19:31:02'),(4,72,'keyword3','2020-11-19 19:31:02'),(5,103,'keyword4','2020-11-19 19:31:02'),(6,62,'keyword5','2020-11-19 19:31:02'),(7,25,'keyword6','2020-11-19 19:31:02'),(8,48,'keyword7','2020-11-19 19:31:03'),(9,34,'keyword8','2020-11-19 19:31:03'),(10,85,'keyword9','2020-11-19 19:31:03'),(11,62,'keyword10','2020-11-19 19:31:03'),(12,84,'keyword11','2020-11-19 19:31:03'),(13,31,'keyword12','2020-11-19 19:31:03'),(14,69,'keyword13','2020-11-19 19:31:03'),(15,42,'keyword14','2020-11-19 19:31:03'),(16,108,'keyword15','2020-11-19 19:31:03'),(17,55,'keyword16','2020-11-19 19:31:03'),(18,63,'keyword17','2020-11-19 19:31:03'),(19,68,'keyword18','2020-11-19 19:31:03'),(20,58,'keyword19','2020-11-19 19:31:04'),(21,97,'keyword20','2020-11-19 19:31:04'),(22,110,'keyword21','2020-11-19 19:31:04'),(23,99,'keyword22','2020-11-19 19:31:04'),(24,75,'keyword23','2020-11-19 19:31:04'),(25,90,'keyword24','2020-11-19 19:31:04'),(26,36,'keyword25','2020-11-19 19:31:04'),(27,44,'keyword26','2020-11-19 19:31:05'),(28,52,'keyword27','2020-11-19 19:31:05'),(29,44,'keyword28','2020-11-19 19:31:05'),(30,79,'keyword29','2020-11-19 19:31:05'),(31,36,'keyword30','2020-11-19 19:31:05'),(32,106,'keyword31','2020-11-19 19:31:06'),(33,76,'keyword32','2020-11-19 19:31:06'),(34,98,'keyword33','2020-11-19 19:31:06'),(35,97,'keyword34','2020-11-19 19:31:06'),(36,57,'keyword35','2020-11-19 19:31:06'),(37,88,'keyword36','2020-11-19 19:31:06'),(38,52,'keyword37','2020-11-19 19:31:06'),(39,49,'keyword38','2020-11-19 19:31:06'),(40,93,'keyword39','2020-11-19 19:31:06'),(41,72,'keyword40','2020-11-19 19:31:06'),(42,56,'keyword41','2020-11-19 19:31:07'),(43,51,'keyword42','2020-11-19 19:31:07'),(44,89,'keyword43','2020-11-19 19:31:07'),(45,42,'keyword44','2020-11-19 19:31:07'),(46,104,'keyword45','2020-11-19 19:31:07'),(47,72,'keyword46','2020-11-19 19:31:07'),(48,75,'keyword47','2020-11-19 19:31:07'),(49,59,'keyword48','2020-11-19 19:31:07'),(50,28,'keyword49','2020-11-19 19:31:07'),(51,72,'keyword50','2020-11-19 19:31:07'),(52,47,'keyword51','2020-11-19 19:31:07'),(53,103,'keyword52','2020-11-19 19:31:07'),(54,90,'keyword53','2020-11-19 19:31:08'),(55,46,'keyword54','2020-11-19 19:31:08'),(56,85,'keyword55','2020-11-19 19:31:08'),(57,82,'keyword56','2020-11-19 19:31:08'),(58,37,'keyword57','2020-11-19 19:31:08'),(59,108,'keyword58','2020-11-19 19:31:08'),(60,43,'keyword59','2020-11-19 19:31:08'),(61,88,'keyword60','2020-11-19 19:31:08'),(62,41,'keyword61','2020-11-19 19:31:08'),(63,37,'keyword62','2020-11-19 19:31:08'),(64,56,'keyword63','2020-11-19 19:31:08'),(65,100,'keyword64','2020-11-19 19:31:08'),(66,99,'keyword65','2020-11-19 19:31:08'),(67,68,'keyword66','2020-11-19 19:31:09'),(68,63,'keyword67','2020-11-19 19:31:09'),(69,52,'keyword68','2020-11-19 19:31:09'),(70,42,'keyword69','2020-11-19 19:31:09'),(71,46,'keyword70','2020-11-19 19:31:09'),(72,59,'keyword71','2020-11-19 19:31:09'),(73,92,'keyword72','2020-11-19 19:31:09'),(74,97,'keyword73','2020-11-19 19:31:09'),(75,58,'keyword74','2020-11-19 19:31:09'),(76,43,'keyword75','2020-11-19 19:31:09'),(77,51,'keyword76','2020-11-19 19:31:09'),(78,32,'keyword77','2020-11-19 19:31:09'),(79,37,'keyword78','2020-11-19 19:31:09'),(80,68,'keyword79','2020-11-19 19:31:10'),(81,83,'keyword80','2020-11-19 19:31:10'),(82,42,'keyword81','2020-11-19 19:31:10'),(83,85,'keyword82','2020-11-19 19:31:10'),(84,39,'keyword83','2020-11-19 19:31:10'),(85,92,'keyword84','2020-11-19 19:31:10'),(86,50,'keyword85','2020-11-19 19:31:10'),(87,56,'keyword86','2020-11-19 19:31:10'),(88,88,'keyword87','2020-11-19 19:31:11'),(89,79,'keyword88','2020-11-19 19:31:11'),(90,46,'keyword89','2020-11-19 19:31:11'),(91,71,'keyword90','2020-11-19 19:31:11'),(92,71,'keyword91','2020-11-19 19:31:11'),(93,74,'keyword92','2020-11-19 19:31:11'),(94,56,'keyword93','2020-11-19 19:31:11'),(95,91,'keyword94','2020-11-19 19:31:11'),(96,104,'keyword95','2020-11-19 19:31:11'),(97,43,'keyword96','2020-11-19 19:31:11'),(98,95,'keyword97','2020-11-19 19:31:11'),(99,37,'keyword98','2020-11-19 19:31:11'),(100,58,'keyword99','2020-11-19 19:31:11');
/*!40000 ALTER TABLE `mall_search_history` ENABLE KEYS */;
UNLOCK TABLES;

--
-- Table structure for table `mall_storage`
--

DROP TABLE IF EXISTS `mall_storage`;
/*!40101 SET @saved_cs_client     = @@character_set_client */;
/*!50503 SET character_set_client = utf8mb4 */;
CREATE TABLE `mall_storage` (
  `id` int NOT NULL AUTO_INCREMENT,
  `location` varchar(200) DEFAULT NULL COMMENT '对象存储相对位置',
  `type` int DEFAULT NULL,
  `user_id` int DEFAULT NULL,
  `update_time` datetime DEFAULT NULL,
  PRIMARY KEY (`id`)
) ENGINE=InnoDB AUTO_INCREMENT=46 DEFAULT CHARSET=utf8mb4 COLLATE=utf8mb4_0900_ai_ci;
/*!40101 SET character_set_client = @saved_cs_client */;

--
-- Dumping data for table `mall_storage`
--

LOCK TABLES `mall_storage` WRITE;
/*!40000 ALTER TABLE `mall_storage` DISABLE KEYS */;
INSERT INTO `mall_storage` VALUES (1,'location0',0,91,'2020-11-21 17:39:09'),(2,'location1',1,55,'2020-11-21 17:39:09'),(3,'/avatar/6ffd517f-3f6f-4a44-a52f-38417b534889.png',10,20,'2020-11-21 17:39:09'),(4,'location3',3,39,'2020-11-21 17:39:10'),(5,'location4',4,63,'2020-11-21 17:39:10'),(6,'location5',5,75,'2020-11-21 17:39:10'),(7,'location6',6,80,'2020-11-21 17:39:10'),(8,'location7',7,40,'2020-11-21 17:39:10'),(9,'location8',8,43,'2020-11-21 17:39:10'),(10,'location9',9,33,'2020-11-21 17:39:10'),(11,'location10',10,76,'2020-11-21 17:39:11'),(12,'location11',11,51,'2020-11-21 17:39:11'),(13,'location12',12,64,'2020-11-21 17:39:11'),(14,'location13',13,97,'2020-11-21 17:39:11'),(15,'location14',14,70,'2020-11-21 17:39:11'),(16,'location15',15,73,'2020-11-21 17:39:11'),(17,'location16',16,34,'2020-11-21 17:39:11'),(18,'location17',17,87,'2020-11-21 17:39:11'),(19,'location18',18,45,'2020-11-21 17:39:12'),(20,'location19',19,82,'2020-11-21 17:39:12'),(21,'location20',20,59,'2020-11-21 17:39:12'),(22,'location21',21,56,'2020-11-21 17:39:12'),(23,'location22',22,56,'2020-11-21 17:39:12'),(24,'location23',23,47,'2020-11-21 17:39:12'),(25,'location24',24,75,'2020-11-21 17:39:12'),(26,'location25',25,64,'2020-11-21 17:39:12'),(27,'location26',26,96,'2020-11-21 17:39:12'),(28,'location27',27,79,'2020-11-21 17:39:13'),(29,'location28',28,50,'2020-11-21 17:39:13'),(30,'location29',29,58,'2020-11-21 17:39:13'),(31,'location30',30,45,'2020-11-21 17:39:13'),(32,'location31',31,60,'2020-11-21 17:39:13'),(33,'location32',32,87,'2020-11-21 17:39:13'),(34,'location33',33,111,'2020-11-21 17:39:13'),(35,'location34',34,92,'2020-11-21 17:39:13'),(36,'location35',35,77,'2020-11-21 17:39:13'),(37,'location36',36,81,'2020-11-21 17:39:13'),(38,'location37',37,111,'2020-11-21 17:39:14'),(39,'location38',38,77,'2020-11-21 17:39:14'),(40,'location39',39,36,'2020-11-21 17:39:14'),(41,'location40',40,45,'2020-11-21 17:39:14'),(42,'location41',41,37,'2020-11-21 17:39:14'),(43,'location42',42,48,'2020-11-21 17:39:14'),(44,'location43',43,63,'2020-11-21 17:39:14'),(45,'location44',44,108,'2020-11-21 17:39:14');
/*!40000 ALTER TABLE `mall_storage` ENABLE KEYS */;
UNLOCK TABLES;

--
-- Table structure for table `mall_system`
--

DROP TABLE IF EXISTS `mall_system`;
/*!40101 SET @saved_cs_client     = @@character_set_client */;
/*!50503 SET character_set_client = utf8mb4 */;
CREATE TABLE `mall_system` (
  `id` int NOT NULL AUTO_INCREMENT,
  `key` varchar(200) DEFAULT NULL,
  `value` varchar(200) DEFAULT NULL,
  `update_time` datetime DEFAULT NULL,
  PRIMARY KEY (`id`)
) ENGINE=InnoDB AUTO_INCREMENT=3 DEFAULT CHARSET=utf8mb4 COLLATE=utf8mb4_0900_ai_ci;
/*!40101 SET character_set_client = @saved_cs_client */;

--
-- Dumping data for table `mall_system`
--

LOCK TABLES `mall_system` WRITE;
/*!40000 ALTER TABLE `mall_system` DISABLE KEYS */;
INSERT INTO `mall_system` VALUES (1,'111','111ac','2020-11-21 19:57:59'),(2,'222','222b','2020-11-21 19:58:03');
/*!40000 ALTER TABLE `mall_system` ENABLE KEYS */;
UNLOCK TABLES;

--
-- Table structure for table `mall_user`
--

DROP TABLE IF EXISTS `mall_user`;
/*!40101 SET @saved_cs_client     = @@character_set_client */;
/*!50503 SET character_set_client = utf8mb4 */;
CREATE TABLE `mall_user` (
  `id` int NOT NULL AUTO_INCREMENT,
  `username` varchar(100) DEFAULT NULL,
  `password` varchar(200) DEFAULT NULL,
  `mobile` varchar(200) DEFAULT NULL,
  `avatar` varchar(200) DEFAULT NULL,
  `update_time` datetime DEFAULT NULL,
  `role` int DEFAULT NULL,
  PRIMARY KEY (`id`),
  UNIQUE KEY `mall_user_username_uindex` (`username`)
) ENGINE=InnoDB AUTO_INCREMENT=116 DEFAULT CHARSET=utf8mb4 COLLATE=utf8mb4_0900_ai_ci;
/*!40101 SET character_set_client = @saved_cs_client */;

--
-- Dumping data for table `mall_user`
--

LOCK TABLES `mall_user` WRITE;
/*!40000 ALTER TABLE `mall_user` DISABLE KEYS */;
INSERT INTO `mall_user` VALUES (25,'12@qq.com',NULL,'1605753692050',NULL,'2020-11-19 10:41:32',20),(26,'13@qq.com',NULL,'1605753692147',NULL,'2020-11-19 10:41:32',2),(27,'14@qq.com',NULL,'1605753692208',NULL,'2020-11-19 10:41:32',2),(28,'15@qq.com',NULL,'1605753692281',NULL,'2020-11-19 10:41:32',2),(29,'16@qq.com',NULL,'1605753692360',NULL,'2020-11-19 10:41:32',2),(31,'18@qq.com',NULL,'1605753692517',NULL,'2020-11-19 10:41:33',2999),(32,'19@qq.com',NULL,'1605753692581',NULL,'2020-11-19 10:41:33',2),(33,'20@qq.com',NULL,'1605753692659',NULL,'2020-11-19 10:41:33',2),(34,'21@qq.com',NULL,'1605753692751',NULL,'2020-11-19 10:41:33',2),(35,'22@qq.com',NULL,'1605753692825',NULL,'2020-11-19 10:41:33',2),(36,'23@qq.com',NULL,'1605753692880',NULL,'2020-11-19 10:41:33',2),(37,'24@qq.com',NULL,'1605753692943',NULL,'2020-11-19 10:41:33',2),(38,'25@qq.com',NULL,'1605753693024',NULL,'2020-11-19 10:41:33',2),(39,'26@qq.com',NULL,'1605753693098',NULL,'2020-11-19 10:41:33',2),(40,'27@qq.com',NULL,'1605753693158',NULL,'2020-11-19 10:41:33',2),(41,'28@qq.com',NULL,'1605753693239',NULL,'2020-11-19 10:41:33',2),(42,'29@qq.com',NULL,'1605753693683',NULL,'2020-11-19 10:41:34',2),(43,'30@qq.com',NULL,'1605753693834',NULL,'2020-11-19 10:41:34',2),(44,'31@qq.com',NULL,'1605753693939',NULL,'2020-11-19 10:41:34',2),(45,'32@qq.com',NULL,'1605753694039',NULL,'2020-11-19 10:41:34',2),(46,'33@qq.com',NULL,'1605753694109',NULL,'2020-11-19 10:41:34',2),(47,'34@qq.com',NULL,'1605753694189',NULL,'2020-11-19 10:41:34',2),(48,'35@qq.com',NULL,'1605753694283',NULL,'2020-11-19 10:41:34',2),(49,'36@qq.com',NULL,'1605753694364',NULL,'2020-11-19 10:41:34',2),(50,'37@qq.com',NULL,'1605753694455',NULL,'2020-11-19 10:41:34',2),(51,'38@qq.com',NULL,'1605753694555',NULL,'2020-11-19 10:41:35',2),(52,'39@qq.com',NULL,'1605753694655',NULL,'2020-11-19 10:41:35',2),(53,'40@qq.com',NULL,'1605753694733',NULL,'2020-11-19 10:41:35',2),(54,'41@qq.com',NULL,'1605753694797',NULL,'2020-11-19 10:41:35',2),(55,'42@qq.com',NULL,'1605753694869',NULL,'2020-11-19 10:41:35',2),(56,'43@qq.com',NULL,'1605753695008',NULL,'2020-11-19 10:41:35',2),(57,'44@qq.com',NULL,'1605753695089',NULL,'2020-11-19 10:41:35',2),(58,'45@qq.com',NULL,'1605753695169',NULL,'2020-11-19 10:41:35',2),(59,'46@qq.com',NULL,'1605753695240',NULL,'2020-11-19 10:41:35',2),(60,'47@qq.com',NULL,'1605753695495',NULL,'2020-11-19 10:41:35',2),(61,'48@qq.com',NULL,'1605753695698',NULL,'2020-11-19 10:41:36',2),(62,'49@qq.com',NULL,'1605753695762',NULL,'2020-11-19 10:41:36',2),(63,'50@qq.com',NULL,'1605753695856',NULL,'2020-11-19 10:41:36',2),(64,'51@qq.com',NULL,'1605753695927',NULL,'2020-11-19 10:41:36',2),(65,'52@qq.com',NULL,'1605753695988',NULL,'2020-11-19 10:41:36',2),(66,'53@qq.com',NULL,'1605753696069',NULL,'2020-11-19 10:41:36',2),(67,'54@qq.com',NULL,'1605753696140',NULL,'2020-11-19 10:41:36',2),(68,'55@qq.com',NULL,'1605753696215',NULL,'2020-11-19 10:41:36',2),(69,'56@qq.com',NULL,'1605753696281',NULL,'2020-11-19 10:41:36',2),(70,'57@qq.com',NULL,'1605753696360',NULL,'2020-11-19 10:41:36',2),(71,'58@qq.com',NULL,'1605753696455',NULL,'2020-11-19 10:41:36',2),(72,'59@qq.com',NULL,'1605753696527',NULL,'2020-11-19 10:41:37',2),(73,'60@qq.com',NULL,'1605753696589',NULL,'2020-11-19 10:41:37',2),(74,'61@qq.com',NULL,'1605753696661',NULL,'2020-11-19 10:41:37',2),(75,'62@qq.com',NULL,'1605753696756',NULL,'2020-11-19 10:41:37',2),(76,'63@qq.com',NULL,'1605753696827',NULL,'2020-11-19 10:41:37',2),(77,'64@qq.com',NULL,'1605753696889',NULL,'2020-11-19 10:41:37',2),(78,'65@qq.com',NULL,'1605753696961',NULL,'2020-11-19 10:41:37',2),(79,'66@qq.com',NULL,'1605753697038',NULL,'2020-11-19 10:41:37',2),(80,'67@qq.com',NULL,'1605753697127',NULL,'2020-11-19 10:41:37',2),(81,'68@qq.com',NULL,'1605753697189',NULL,'2020-11-19 10:41:37',2),(82,'69@qq.com',NULL,'1605753697306',NULL,'2020-11-19 10:41:37',2),(83,'70@qq.com',NULL,'1605753697380',NULL,'2020-11-19 10:41:37',2),(84,'71@qq.com',NULL,'1605753697453',NULL,'2020-11-19 10:41:37',2),(85,'72@qq.com',NULL,'1605753697545',NULL,'2020-11-19 10:41:38',2),(86,'73@qq.com',NULL,'1605753697625',NULL,'2020-11-19 10:41:38',2),(87,'74@qq.com',NULL,'1605753697689',NULL,'2020-11-19 10:41:38',2),(88,'75@qq.com',NULL,'1605753697762',NULL,'2020-11-19 10:41:38',2),(89,'76@qq.com',NULL,'1605753697855',NULL,'2020-11-19 10:41:38',2),(90,'77@qq.com',NULL,'1605753697927',NULL,'2020-11-19 10:41:38',2),(91,'78@qq.com',NULL,'1605753697988',NULL,'2020-11-19 10:41:38',2),(92,'79@qq.com',NULL,'1605753698069',NULL,'2020-11-19 10:41:38',2),(93,'80@qq.com',NULL,'1605753698157',NULL,'2020-11-19 10:41:38',2),(94,'81@qq.com',NULL,'1605753698227',NULL,'2020-11-19 10:41:38',2),(95,'82@qq.com',NULL,'1605753698279',NULL,'2020-11-19 10:41:38',2),(96,'83@qq.com',NULL,'1605753698352',NULL,'2020-11-19 10:41:38',2),(97,'84@qq.com',NULL,'1605753698438',NULL,'2020-11-19 10:41:38',2),(98,'85@qq.com',NULL,'1605753698510',NULL,'2020-11-19 10:41:39',2),(99,'86@qq.com',NULL,'1605753698580',NULL,'2020-11-19 10:41:39',2),(100,'87@qq.com',NULL,'1605753698644',NULL,'2020-11-19 10:41:39',2),(101,'88@qq.com',NULL,'1605753698739',NULL,'2020-11-19 10:41:39',2),(102,'89@qq.com',NULL,'1605753698802ccc',NULL,'2020-11-19 10:41:39',2),(103,'90@qq.com',NULL,'1605753698871',NULL,'2020-11-19 10:41:39',2),(104,'91@qq.com',NULL,'1605753698952',NULL,'2020-11-19 10:41:39',2),(105,'92@qq.com',NULL,'1605753699030',NULL,'2020-11-19 10:41:39',2),(106,'93@qq.com',NULL,'1605753699088',NULL,'2020-11-19 10:41:39',2222),(108,'1@qq.com',NULL,'2',NULL,NULL,3),(109,'666@qq',NULL,'666',NULL,NULL,666),(110,'777@qq',NULL,'777',NULL,NULL,777),(111,'888',NULL,'888',NULL,NULL,888),(115,'123@qq.com','123456',NULL,'/avatar/57b13712-0ae6-4f96-a232-d6322d92abbd.png','2020-11-22 22:53:06',2);
/*!40000 ALTER TABLE `mall_user` ENABLE KEYS */;
UNLOCK TABLES;
/*!40103 SET TIME_ZONE=@OLD_TIME_ZONE */;

/*!40101 SET SQL_MODE=@OLD_SQL_MODE */;
/*!40014 SET FOREIGN_KEY_CHECKS=@OLD_FOREIGN_KEY_CHECKS */;
/*!40014 SET UNIQUE_CHECKS=@OLD_UNIQUE_CHECKS */;
/*!40101 SET CHARACTER_SET_CLIENT=@OLD_CHARACTER_SET_CLIENT */;
/*!40101 SET CHARACTER_SET_RESULTS=@OLD_CHARACTER_SET_RESULTS */;
/*!40101 SET COLLATION_CONNECTION=@OLD_COLLATION_CONNECTION */;
/*!40111 SET SQL_NOTES=@OLD_SQL_NOTES */;

-- Dump completed on 2020-11-25 16:16:12
